41268,,,ALT,,LAT DIST,LONG DIST,DIST
41283,0.0253798808,-0.0666666667,-1,,0.3335999999,-0.1834180175,0.3806982126
41313,0.0127773465,0,0,,-0.1111999997,0.3668365922,0.3833203951
44187,1.2718356251,0.472164231,1357,,2368.2263999997,2784.3126837061,3655.2555864538
44202,12.7855973388,4.6,69,,102.0815999998,162.3589673717,191.7839600815
44217,15.033441547,4.9333333333,74,,108.6423999999,197.6051896854,225.5016232055
44232,15.7692191188,4.4,66,,110.8664000006,208.9473676896,236.5382867814
44262,13.2569242269,4.3,129,,169.3575999999,359.8464106861,397.7077268062
44292,14.0033508767,4.2333333333,127,,124.0991999996,401.3525143291,420.1005263016
44337,12.0767409406,4.0666666667,183,,162.2408000005,518.6708571926,543.4533423263
44352,12.5254160396,4.2666666667,64,,66.3863999999,175.7617889714,187.8812405946
44397,11.1998541329,4.1777777778,188,,96.4103999999,494.6861816193,503.9934359823
44412,11.3583831496,4.8666666667,73,,31.4696000003,167.444198242,170.3757472444
44427,11.2784338353,4.6666666667,70,,6.2271999993,169.0618605132,169.1765075299
44442,12.7978786224,4.5333333333,68,,29.9128000003,189.6233273459,191.968179336
44457,12.4077093797,4.6,69,,-7.3391999996,185.9708790513,186.1156406962
44472,11.5697990396,4.7333333333,71,,18.3479999995,172.5743523953,173.5469855936
44487,12.019501024,5.0666666667,76,,-2.5575999999,180.2743736007,180.2925153601
44502,12.4090206588,4.6666666667,70,,33.8048,183.0398565386,186.1353098815
44517,13.2752846982,5.0666666667,76,,12.5655999999,198.7324131986,199.1292704729
44532,12.9768672107,5.2,78,,17.0136000005,193.9080477982,194.6530081604
44547,13.1549846122,4.8666666667,73,,38.9199999997,193.4484379179,197.3247691823
44562,13.9638011186,4.5333333333,68,,17.7920000001,208.6999918878,209.457016779
44592,14.114039906,4.5666666667,137,,85.0680000001,414.7878320271,423.4211971805
44607,15.208690262,4.3333333333,65,,72.7247999997,216.228032061,228.1303539294
44622,14.5623891642,4.7333333333,71,,54.4879999999,211.5307848622,218.4358374636
44637,15.3472143415,4.4666666667,67,,50.8183999997,224.5290906134,230.2082151232
44652,14.8707196199,4,60,,31.0248000007,220.8926882857,223.0607942987
44667,15.8787955721,4.2,63,,68.0543999996,228.2525621436,238.1819335811
44682,15.4384425525,4.4,66,,62.6056,222.9535338348,231.576638288
44697,15.6186045846,4.1333333333,62,,60.0480000001,226.4529084812,234.2790687697
44712,15.4207684273,3.9333333333,59,,63.2727999999,222.4894942013,231.3115264092
44727,15.7263582214,3.9333333333,59,,63.9400000005,227.0645360998,235.8953733211
44742,16.1118841256,3.8666666667,58,,66.8311999996,232.2541129319,241.6782618838
44757,15.631864947,3.8666666667,58,,68.4992000001,224.2493700925,234.4779742056
44772,15.2763896556,4,60,,67.1648000003,219.0815095925,229.1458448334
44787,14.8062988734,4.1333333333,62,,62.0495999998,213.2505722465,222.0944831003
44802,15.0037656624,4.2,63,,68.9439999998,214.2361927308,225.056484936
44817,15.2051562847,4.2,63,,74.0592000003,215.7185895212,228.0773442709
44832,15.6377426779,3.8666666667,58,,83.7335999996,219.1117485314,234.5661401681
44847,15.1447364116,4.4666666667,67,,77.5064000003,213.5402589178,227.1710461737
44862,15.0386060041,4.6,69,,74.3928000002,212.9592383089,225.5790900615
44877,15.0073725746,4.6,69,,80.2863999996,210.3066120777,225.1105886192
44892,15.7910224398,4.5333333333,68,,86.6248000002,220.4570972004,236.8653365968
44907,16.1718514564,4.3333333333,65,,88.5152000001,225.851798227,242.5777718453
44922,16.9565185861,4.7333333333,71,,108.4199999996,230.0823682424,254.3477787911
44937,16.289415348,4.6666666667,70,,94.6312000005,225.2722192631,244.3412302197
44952,15.8495080652,4.7333333333,71,,97.8559999995,216.6696958366,237.7426209787
44967,15.790633104,4.4,66,,89.7384000002,219.2018263516,236.8594965596
44982,17.2946165338,4.8666666667,73,,108.1976000002,235.7787640788,259.4192480067
44997,15.9715995313,4.3333333333,65,,94.0752000003,220.3305581443,239.5739929693
45012,16.2913418635,4.5333333333,68,,96.6327999994,224.4523588645,244.3701279526
45027,15.0908661939,4.6666666667,70,,112.4232000006,196.4719538759,226.3629929078
45042,14.0951987602,4.6,69,,106.5295999997,182.6286824236,211.4279814023
45057,15.7225556246,4.4,66,,137.4431999999,191.6483413223,235.8383343686
45072,16.2714976105,4.4,66,,139.8896,200.0056688489,244.0724641574
45087,16.1771425684,4.2,63,,149.0079999999,191.5178916286,242.6571385264
45102,17.0204417307,4.6666666667,70,,176.3632000004,184.6009072159,255.3066259604
45117,16.1654875769,4.6,69,,147.6736000001,192.3283138229,242.4823136539
45132,17.4962599499,4.4,66,,153.0112000001,213.2237625763,262.4438992483
45147,16.8604400972,4.5333333333,68,,161.0175999996,195.0258484193,252.9066014585
45162,16.4821982385,4.3333333333,65,,131.9944000002,209.0493281317,247.232973577
45177,17.1975573624,4.2666666667,64,,160.4616000002,201.9830939768,257.9633604353
45192,16.4244101573,4.4666666667,67,,171.0255999996,177.3316812454,246.3661523597
45207,16.512989274,3.4,51,,160.7952000002,188.4081659016,247.6948391095
45222,14.739000026,4.3333333333,65,,129.8816,178.9115630111,221.0850003905
45252,14.5971329186,3.9333333333,118,,246.9751999999,361.6239913,437.9139875577
45267,14.2674872222,3.6,54,,87.7368000005,195.2012347388,214.0123083327
45282,12.8966300915,3.7333333333,56,,96.4103999999,167.7132225201,193.4494513723
45297,14.1994206491,3.8666666667,58,,124.3215999998,172.9434525991,212.9913097368
45312,14.0288806586,4.2,63,,115.9815999995,175.5858886168,210.4332098786
45327,15.2448267537,3.6666666667,55,,126.8792000005,190.2438848584,228.6724013054
45342,13.1456247526,3.8,57,,100.1911999999,169.8334470091,197.1843712884
45357,14.4282489198,3.5333333333,53,,127.9912,174.5207302102,216.4237337968
45372,15.9205290504,3.8,57,,150.6759999996,185.2726995659,238.8079357566
45387,14.7521289834,3.8666666667,58,,111.4224000008,191.1824872345,221.2819347509
45402,14.9339849082,3.2666666667,49,,150.0087999997,166.3662784379,224.009773623
45417,14.2610726455,2.6,39,,141.1128000001,160.7708652129,213.9160896828
45432,15.2655493159,3.4,51,,137.9992,182.7280626521,228.9832397387
45447,16.0113260521,4.1333333333,62,,154.7903999995,183.6341703124,240.1698907822
45462,14.6573862991,4.2,63,,124.9888000005,180.8772203095,219.860794487
45477,12.8530707657,4.2666666667,64,,121.4304,149.7497221363,192.7960614848
45492,12.6950387132,4.1333333333,62,,72.5023999995,176.0832296914,190.4255806981
45507,12.3828396582,4,60,,62.3832000005,174.9532734981,185.7425948726
45522,12.2923817828,4.2,63,,82.3991999998,164.9498956217,184.3857267421
45537,13.8952629414,3.5333333333,53,,109.1984000001,177.5340366939,208.428944121
45552,14.4028925789,4.7333333333,71,,112.2008000004,184.6232007984,216.0433886833
45567,14.7922912528,4.6,69,,125.6559999996,182.8749375348,221.884368792
45582,13.5768191558,4.8666666667,73,,109.7544000002,171.5465704067,203.6522873373
45597,14.9962253634,4.1333333333,62,,137.9992,177.6393684074,224.9433804512
45612,13.1273803853,4.6666666667,70,,120.8743999998,155.4451847931,196.9107057798
45627,12.0601674081,4.7333333333,71,,86.9584000001,158.6315075875,180.9025111215
45642,12.1156770911,4.5333333333,68,,78.8408000001,163.743077151,181.7351563664
45657,10.2366390548,4.6,69,,53.8208,143.8081944591,153.5495858224
45672,10.6366630786,4.6666666667,70,,78.2847999999,139.0240102095,159.5499461791
45687,10.7598906206,4.2,63,,51.9304,152.8157843403,161.3983593092
45702,10.6427249639,3.2666666667,49,,61.0487999999,147.5067890516,159.6408744581
45717,10.9537284238,3.0666666667,46,,43.2567999998,158.5095791734,164.3059263568
45732,11.2347833467,3.4666666667,52,,51.9304,160.3209713243,168.5217502002
45747,10.7652368278,3.7333333333,56,,49.1504,153.8166475727,161.4785524169
45762,11.162186742,3.3333333333,50,,46.9264,160.7222942753,167.4328011295
45777,12.2465816475,3.1333333333,47,,63.6063999998,172.3352759598,183.6987247127
45792,11.2762870615,3.2666666667,49,,62.0496000006,157.3519728692,169.1443059227
45807,11.3259887485,3.1333333333,47,,58.9359999997,159.3395828367,169.8898312276
45822,11.0264789494,2.9333333333,44,,58.1576000001,154.8351449674,165.397184241
45837,11.3026445917,3.0666666667,46,,70.5007999998,154.1860451598,169.5396688762
45852,12.4541176608,4.0666666667,61,,83.4000000004,167.1618243176,186.8117649113
45867,11.5442214609,4.6,69,,84.512,151.1398620877,173.1633219128
45882,12.5094879587,4.7333333333,71,,128.8807999993,136.3795417732,187.6423193811
45897,11.5763374926,4.2666666667,64,,80.8424000005,153.6786063654,173.6450623895
45912,11.4112544862,3.2,48,,83.6223999998,149.3521283141,171.1688172936
45927,11.0745309022,2.8666666667,43,,86.2912000002,141.9471965593,166.1179635335
45942,11.3692702628,3,45,,81.8431999996,149.6170429233,170.5390539415
45957,11.8608120871,2.8666666667,43,,81.8432000004,157.9697277035,177.9121813059
45972,12.88178733,2.9333333333,44,,92.5183999995,169.6376896356,193.2268099498
45987,12.1096665035,3.5333333333,53,,65.7192,169.3395756673,181.6449975524
46002,13.0587382108,3.6,54,,90.1832000007,173.8861272814,195.8810731625
46017,12.2203916129,4.3333333333,65,,56.7119999998,174.3123419898,183.3058741938
46032,11.5144468681,4.6666666667,70,,49.5951999996,165.4429679371,172.7167030222
46047,9.8748776962,4.2,63,,17.6808000004,147.0641406066,148.1231654436
46062,10.8030412475,4.8,72,,4.8927999995,161.9717353491,162.0456187122
46077,10.7358673611,4.6666666667,70,,54.7104000001,151.4596082488,161.038010417
46092,9.4246490854,4.9333333333,74,,37.4744000002,136.3124047202,141.3697362803
46107,8.6014236236,4.4666666667,67,,1.6679999997,129.0105718746,129.0213543543
46122,8.3441032546,4.4666666667,67,,0.1112000005,125.1614994207,125.1615488186
46137,9.0237356733,4.2666666667,64,,-18.0144000003,134.1519199661,135.3560350999
46152,10.7680578829,5.0666666667,76,,14.0112000002,160.9120168064,161.5208682435
46167,10.5536924029,4.8666666667,73,,33.0263999996,154.8220015159,158.3053860433
46182,9.4481163409,4.6,69,,30.9136000002,138.3090827564,141.7217451131
46197,11.3164702016,4.6666666667,70,,11.1200000004,169.3824300525,169.7470530244
46212,9.9579131019,4.8666666667,73,,-16.4576000003,148.4592701878,149.368696528
46227,10.0334230613,4.7333333333,71,,22.9071999998,148.7478245609,150.501345919
46242,10.8204074708,4.5333333333,68,,-9.8967999995,162.0040967459,162.306112062
46257,10.4676354938,5,75,,-24.2416000004,155.1319058628,157.0145324077
46272,10.301157911,4.7333333333,71,,5.5600000002,154.4173034963,154.5173686647
46287,9.8867114261,4.5333333333,68,,-27.9111999999,145.6504515954,148.3006713922
46302,11.2436529451,4.7333333333,71,,-8.1176,168.4593249692,168.6547941769
46317,9.6987208888,5.1333333333,77,,-11.7872000003,145.0025136475,145.4808133327
46332,8.9996453008,5.6666666667,85,,-16.7912000003,133.9463291737,134.994679512
46347,11.3558267783,5,75,,-31.0247999999,167.4881852371,170.337401674
46362,9.3607054073,4.9333333333,74,,-32.6927999996,136.5514998659,140.4105811092
46377,11.8742640123,4.8666666667,73,,-50.7072,170.7435582406,178.1139601842
46392,10.361143303,5.1333333333,77,,-72.0575999998,137.7032775756,155.4171495454
46407,8.536048654,4.9333333333,74,,-31.8032000003,124.0281619627,128.0407298093
46422,11.8753516006,4.5333333333,68,,-68.4992000001,164.4331296236,178.1302740088
46437,10.2711087166,4.6,69,,-31.8032000003,150.748410208,154.0666307495
46452,11.3113786283,5.3333333333,80,,-73.9479999998,152.7083257474,169.670679425
46467,10.8956852722,4.7333333333,71,,-37.3631999997,159.1071391688,163.4352790823
46482,13.9848998135,4.6,69,,-76.8392000004,195.1938971179,209.773497203
46497,12.2593785495,4.8,72,,-51.4855999996,176.5361564592,183.8906782431
46512,12.5171419717,5.2666666667,79,,-56.7119999998,178.9873983342,187.7571295755
46527,11.6673658897,5,75,,-60.8264000005,164.1000307556,175.0104883457
46542,12.0266403758,4.9333333333,74,,-5.6711999999,180.3104411968,180.3996056371
46557,12.5486235232,6,90,,-57.0455999998,179.3769461053,188.2293528475
46572,10.3422016209,5.4,81,,-31.2472000001,151.9535051409,155.1330243129
46587,12.1435580605,5.2,78,,-13.5663999997,181.6474699085,182.1533709079
46602,10.6763543232,4.8666666667,73,,-42.9232000007,154.2858411186,160.1453148486
46617,9.9048604297,4.6,69,,17.4584000002,147.5435962664,148.5729064459
46632,9.9905640915,4.2,63,,-23.4632,148.010258734,149.8584613719
46647,10.2814009392,5.5333333333,83,,6.5608,154.0813976111,154.2210140883
46662,9.9748433727,4.3333333333,65,,1.7792000002,149.612071763,149.6226505909
46677,11.9577386531,5.0666666667,76,,-2.4464000001,179.3493956181,179.3660797965
46692,10.7966265055,4.6,69,,-22.7960000001,160.3369881253,161.9493975818
46707,10.7312200568,5.2666666667,79,,-19.9047999995,159.7328795719,160.9683008525
46752,10.084314446,5.2666666667,237,,111.4224,439.902465801,453.794150072
46767,11.9227983892,5.2,78,,50.2623999995,171.6337480447,178.8419758378
46782,13.2283191799,4.5333333333,68,,-46.4815999996,192.9037512193,198.424787698
46797,14.5851019451,3.2666666667,49,,-45.9256000002,213.9018676471,218.776529176
46812,13.8580942082,3.1333333333,47,,-76.2832000002,193.3685542982,207.8714131227
46827,15.5591398631,3.4,51,,-106.3071999995,207.7698647933,233.3870979466
46842,15.9050286748,3.5333333333,53,,-154.9016,181.4489740265,238.5754301218
46857,14.6538411676,3.6666666667,55,,-141.3352000003,168.3441414421,219.8076175136
46872,15.4616802612,3.8666666667,58,,-162.9080000004,165.0765996382,231.9252039176
46887,15.2358124382,4.4666666667,67,,-188.4839999998,129.2401926281,228.5371865725
46902,13.5749692864,5.5333333333,83,,-176.6968000003,101.1987839504,203.6245392957
46917,11.4977985148,5.8666666667,88,,-139.6671999998,101.1826647643,172.4669777221
46932,9.613237811,5.4,81,,-98.6343999999,105.1878410701,144.1985671646
46947,10.304641276,3.8,57,,-121.0968,96.0590036939,154.5696191395
46962,13.3068424285,4,60,,-161.796,116.8899775545,199.6026364272
46977,14.027753447,4.3333333333,65,,-180.1440000003,108.734351918,210.4163017048
46992,10.450722389,3.6666666667,55,,-122.8759999995,97.3419142801,156.7608358347
47007,10.4794998984,3.4666666667,52,,-128.3248,90.7867131374,157.1924984766
47022,10.9560512379,3.4,51,,-134.7744000003,94.041210745,164.3407685689
47037,9.6982040945,3.3333333333,50,,-119.3175999998,83.2209224211,145.473061418
47052,9.8556024307,4.1333333333,62,,-136.2199999998,57.4370432397,147.83403646
47067,6.0449881385,3.5333333333,53,,-82.1768000003,38.326190791,90.6748220778
47082,6.451416677,4.0666666667,61,,-88.6263999998,38.8591826942,96.7712501552
47097,6.5682689898,4.6666666667,70,,-81.5096000004,55.3459171958,98.5240348467
47112,6.5829940051,4.5333333333,68,,-63.4952000001,75.6235204355,98.744910077
47127,6.8442018421,3.8,57,,-36.9184,95.7952451002,102.663027631
47142,8.3239809487,4.2,63,,-42.7007999996,117.3311123155,124.8597142308
47157,8.2392169911,4.2,63,,-33.5823999998,118.9381316118,123.588254867
47172,9.3646375701,4.6,69,,-49.7064000001,131.3810187325,140.4695635509
47187,10.296212702,4.8,72,,-63.4952000001,140.7872816622,154.4431905293
47202,11.1051375639,4.9333333333,74,,-72.8360000002,149.8093293979,166.5770634591
47217,12.2142889169,5.1333333333,77,,-98.0783999997,154.7517998155,183.2143337532
47232,13.1245891883,5.2666666667,79,,-129.4368000003,148.3356130934,196.8688378239
47247,14.3982143952,5.1333333333,77,,-146.2279999998,158.9396175096,215.9732159274
47262,13.4275193682,4.9333333333,74,,-130.4376000002,153.4703381518,201.4127905229
47277,12.5128213785,4.6,69,,-119.6511999997,144.6098114936,187.6923206782
47292,11.9023069278,4.1333333333,62,,-119.9848000005,132.2053424211,178.5346039171
47307,11.2869402812,3.9333333333,59,,-117.8719999995,121.532182244,169.3041042174
47322,11.5433603094,3.7333333333,56,,-122.9872,121.8819562671,173.150404641
47337,11.1685537139,3.4,51,,-121.7639999999,115.0619898909,167.5283057088
47352,11.1339391188,3.7333333333,56,,-114.0912000003,121.9640649946,167.0090867813
47367,11.4663244967,3,45,,-112.2007999996,130.3580258709,171.994867451
47382,12.2199101739,4.2,63,,-121.6528000002,137.1094172549,183.2986526079
47397,14.7093272027,4.1333333333,62,,-149.8976,161.9032999488,220.6399080404
47412,15.94922162,3,45,,-153.7896000005,183.2586553092,239.2383243003
47427,16.4794331399,3.3333333333,50,,-177.6975999994,171.8348020401,247.1914970983
47442,14.8487506153,3.3333333333,50,,-172.5824000004,140.7996059938,222.7312592294
47457,14.136043141,3.7333333333,56,,-171.5815999998,124.5832676175,212.0406471145
47472,14.1156548515,4,60,,-171.804,123.7538716899,211.7348227719
47487,13.7285903429,3.9333333333,59,,-172.4711999999,112.5183476201,205.9288551432
47502,12.7807748837,3.8666666667,58,,-161.1288000001,103.8790464993,191.711623255
47532,10.8575010499,3.9666666667,119,,-275.3312000002,174.0388647712,325.725031498
47547,8.897567273,3.8666666667,58,,-115.5367999999,66.8113471326,133.4635090947
47562,7.7841008808,3.6666666667,55,,-109.9767999997,39.2218616265,116.7615132123
47577,7.0525598389,4.0666666667,61,,-91.5176000004,53.0633013797,105.7883975829
47592,5.1748153264,4.2,63,,-65.9416000002,40.950164387,77.6222298953
47607,4.7610650084,4,60,,-42.3671999997,57.4914068995,71.4159751253
47622,5.7271657038,4.8,72,,-22.7960000001,82.8277638152,85.9074855565
47637,5.3250364658,4.3333333333,65,,42.7008000004,67.5036642399,79.8755469871
47652,5.910295674,3.6,54,,14.6784000001,87.4308494648,88.6544351102
47682,7.9990845936,3.3666666667,101,,25.1311999998,238.6529733509,239.9725378093
47697,10.2230643252,2.8,42,,-1.1120000004,153.3419329492,153.3459648787
47712,11.2201395442,3.1333333333,47,,-31.9144,165.2484966215,168.302093163
47727,12.2655700953,3.4,51,,-62.7167999997,172.96401416,183.9835514293
47742,11.3591401089,3.6,54,,-79.3968000002,150.7577943349,170.3871016333
47757,11.0125639114,3.6,54,,-85.4016000001,141.399411581,165.1884586707
47787,9.5082765793,3.9333333333,118,,-130.6599999996,253.5637110411,285.2482973776
47802,9.1131668928,4,60,,-75.9496000002,113.656789034,136.6975033924
47817,9.416758042,4.0666666667,61,,-105.9736000003,93.3892167642,141.25137063
47832,9.632820615,3.9333333333,59,,-114.5359999992,88.0882065284,144.4923092252
47847,10.0085883786,4.2,63,,-123.4320000005,85.4587951926,150.1288256795
47862,9.9955601012,3.8666666667,58,,-126.1008,81.1086501569,149.9334015186
47907,9.5481918173,4.2,189,,-344.9423999998,256.1832816901,429.6686317793
47922,8.0983207861,4,60,,-92.9632,78.1919007659,121.4748117908
47937,7.3415799199,3.6666666667,55,,-74.0592000003,81.5013124588,110.123698799
47952,7.5453720233,3.8,57,,-76.2832000002,83.6105087054,113.1805803494
47967,7.4026559215,3.6666666667,55,,-67.1647999995,88.4236136259,111.0398388221
47997,5.977278117,3.7666666667,113,,-64.0512000003,167.4888417126,179.3183435115
48012,7.8139190406,3.2666666667,49,,-30.1351999998,113.2685708609,117.2087856088
48042,8.0643029681,3.5333333333,106,,-2.8911999998,241.911812626,241.9290890436
48072,9.8177469325,3.8333333333,115,,-15.2344000003,294.1381519017,294.5324079749
48087,10.9483460846,3.7333333333,56,,-53.3760000003,155.3090984827,164.2251912697
48102,11.2346013006,4.1333333333,62,,-64.4959999999,155.6885542371,168.5190195095
48117,9.4585960877,3.9333333333,59,,-55.9335999994,130.3881374194,141.8789413148
48132,9.9832722659,4.6666666667,70,,-14.2336000004,149.0710997692,149.7490839884
48147,9.7213182669,4.5333333333,68,,-3.5583999997,145.7763502081,145.8197740039
48177,10.9237324075,4.4666666667,134,,23.9079999997,326.8387129403,327.7119722263
48192,12.3333784301,4.6,69,,-1.1119999996,184.9973344234,185.0006764522
48207,12.2253480951,4.1333333333,62,,-16.7912000003,182.6098606671,183.3802214262
48222,13.0815806661,4.2666666667,64,,0.4447999997,196.2232058547,196.2237099918
48237,14.6588495128,3.9333333333,59,,-7.1167999994,219.7675401232,219.8827426926
48252,14.3181368847,3.6666666667,55,,-20.3496,213.8058199533,214.7720532706
48267,13.7639547876,3.6,54,,-50.1512000006,200.2755818922,206.4593218137
48282,12.2450386149,3.7333333333,56,,-58.3799999996,174.1507795082,183.675579224
48297,12.157565813,3.8666666667,58,,-81.9544000001,162.9107663189,182.3634871952
48312,12.1377611281,4.1333333333,62,,-102.0815999998,150.7565159863,182.0664169221
48327,9.6663814914,4.0666666667,61,,-69.4999999999,127.2537209905,144.9957223711
48342,9.0885587587,5,75,,-77.7288000005,111.9984875801,136.3283813802
48357,8.7058304998,4.3333333333,65,,13.5664000005,129.8808563508,130.5874574964
48372,9.6591397368,3.6666666667,55,,19.2375999996,143.6042664716,144.8870960527
48387,9.9806676481,4.1333333333,62,,13.3440000003,149.1141380684,149.7100147215
48402,10.2907435846,4.2666666667,64,,23.1296000001,152.6184372772,154.3611537697
48417,11.1635636562,4.4666666667,67,,12.5655999999,166.981331997,167.453454843
48432,10.3080213556,4.5333333333,68,,-26.3543999998,152.3577666569,154.6203203335
48462,9.1194736562,4.7333333333,142,,-78.9520000006,261.9444625973,273.584209686
48477,8.6885092759,4.8,72,,-40.2543999995,123.9551402884,130.3276391378
48492,9.2692295458,4.5333333333,68,,-48.3720000003,130.3527456554,139.0384431873
48507,8.897115032,4.8,72,,-36.4735999996,128.3759092628,133.4567254805
48522,8.4405013276,4.7333333333,71,,-41.8112000003,119.5043415676,126.6075199147
48537,9.5295788385,4.8,72,,-46.3703999999,135.2134697158,142.9436825772
48552,9.4850298248,4.6666666667,70,,-45.9256000002,134.6593561163,142.2754473724
48567,9.6049993496,4.4666666667,67,,-66.9424000001,127.5786733583,144.0749902434
48582,9.4556755328,4.2666666667,64,,-70.5007999998,123.0725076938,141.8351329913
48597,8.0368953627,4.0666666667,61,,-59.4919999999,104.8514736512,120.5534304399
48612,7.4618791808,3.8,57,,-33.9160000005,106.6659465273,111.9281877125
48627,6.7567694144,4.1333333333,62,,-9.3408000001,100.9201880802,101.3515412156
48642,8.0289903328,3.7333333333,56,,0.6672000007,120.4330068585,120.4348549914
48657,9.4306207872,3.7333333333,56,,-15.3456,140.6244980717,141.4593118083
48672,9.2417330322,3.7333333333,56,,-28.6896000003,135.6247524445,138.6259954836
48687,8.6005318035,3.8666666667,58,,-25.9096000002,126.3793921928,129.0079770525
48702,8.6214293059,4.4666666667,67,,-0.1111999997,129.3213917789,129.3214395879
48717,10.3802711678,4.3333333333,65,,61.8271999996,142.9026031309,155.7040675172
48732,11.4774670864,4.1333333333,62,,59.6032000004,161.5153706674,172.1620062967
48747,10.6613028242,4.8666666667,73,,23.5743999997,158.1723986491,159.9195423635
48762,10.2251178569,4.8666666667,73,,-11.8984,152.9145545547,153.3767678536
48777,10.1255279331,5.2666666667,79,,-28.0223999996,149.2754707959,151.882918997
48792,10.7080454411,5.0666666667,76,,-8.4512,160.3981938231,160.6206816171
48837,8.1452619175,4.7555555556,214,,17.4583999994,366.1207723825,366.5367862855
48852,8.4716469811,4.5333333333,68,,18.4592,125.7268408662,127.0747047167
48867,9.3397327357,4.3333333333,65,,3.6696000002,140.0479230129,140.0959910361
48897,9.3063873185,4.3333333333,130,,63.0504000004,271.9790570793,279.1916195554
48912,9.7953460679,4,60,,32.9151999999,143.1959169871,146.9301910188
48927,9.4941602081,4.2,63,,23.9079999997,140.3912393955,142.412403122
48942,9.1956094776,4.1333333333,62,,7.3392000004,137.7387516926,137.9341421638
48957,9.8323394685,4.3333333333,65,,2.5575999999,147.4629141607,147.485092028
48972,11.3698580387,4.5333333333,68,,-20.4608000005,169.3160707749,170.5478705798
48987,12.1229102837,4.6666666667,70,,-19.4599999999,180.7993998692,181.8436542556
49002,11.999930066,4.9333333333,74,,-27.9111999999,177.8217851449,179.9989509901
49017,11.3729263912,4.8,72,,-42.8120000002,165.1345208107,170.5938958679
49032,11.2164744536,5,75,,-59.2695999997,157.4617630696,168.2471168047
49047,12.1757018973,5,75,,-74.5039999999,166.7479842144,182.6355284591
49062,10.695621734,4.8,72,,-58.1576000001,149.522127207,160.43432601
49077,9.5611157577,4.7333333333,71,,-51.8192000003,133.7278235112,143.4167363654
49092,8.769793123,4.4,66,,-63.0503999996,115.4522980688,131.5468968447
49107,7.6813393423,4.3333333333,65,,-43.2567999998,106.7919398854,115.220090135
49122,7.852818896,4.2,63,,-45.2584000003,108.7506288133,117.7922834394
49137,7.1827269474,4.2666666667,64,,-33.2487999998,102.4822898788,107.7409042111
49152,7.3505458758,3.8666666667,58,,-21.5728000001,108.1271582514,110.2581881375
49167,8.7287644898,4.0666666667,61,,-48.4832000001,121.6241277851,130.9314673474
49182,10.5497735232,3.9333333333,59,,-68.1656000001,142.8125984969,158.2466028476
49197,10.5431295504,4.0666666667,61,,-71.6128000001,141.0037678123,158.1469432557
49212,9.2577910986,4.6666666667,70,,-76.5055999996,115.8917588711,138.8668664784
49227,8.2416265422,4.9333333333,74,,-73.8368,99.1519983629,123.6243981325
49272,5.3015436339,5.7555555556,259,,-32.0256000005,236.4101306436,238.5694635244
49287,7.5432941509,5.7333333333,86,,60.6040000003,95.5507440035,113.1494122639
49302,10.1184337129,5.9333333333,89,,57.6016,140.4213778518,151.776505693
49317,12.1639302748,6.2,93,,66.4976000004,169.909797049,182.4589541214
49332,11.6960304914,6.3333333333,95,,56.8231999995,165.9833667097,175.4404573708
49347,13.1302212605,6.1333333333,92,,44.0352000002,191.9674737805,196.9533189077
49362,12.2928885198,6.2666666667,94,,28.0224000004,182.2515965198,184.3933277963
49377,12.1665091244,5.7333333333,86,,-1.4456000003,182.4919113335,182.4976368656
49392,13.07865821,5.4,81,,14.5671999996,195.6382869313,196.1798731502
49407,13.4053160209,4.8666666667,73,,12.5656000007,200.6867401229,201.0797403135
49422,12.7454880959,4.6666666667,70,,17.7919999993,190.3526326765,191.1823214391
49437,12.2027426923,4.4,66,,23.3520000003,181.5454300423,183.0411403845
49452,12.7157563719,4.4,66,,33.4712,187.7765488428,190.7363455788
49467,13.2829062846,4.3333333333,65,,28.0224000004,197.263161678,199.2435942684
49482,14.0053668465,4.4666666667,67,,18.6815999995,209.2482148913,210.0805026977
49497,13.7714142397,4.9333333333,74,,22.4624000002,205.3463096149,206.5712135953
49512,12.2525466817,5.3333333333,80,,-3.0024000003,183.7636746921,183.7882002255
49527,13.5155140731,5.4666666667,82,,-36.6959999998,199.3839405074,202.7327110958
49542,13.2617599704,5.7333333333,86,,-62.272,188.9283209486,198.9263995564
49557,12.9868707585,6.0666666667,91,,-75.8383999997,179.4345836436,194.8030613771
49587,11.7267168191,6.1,183,,-136.3312000003,324.3117366444,351.8015045716
49602,10.4512199968,6.0666666667,91,,-44.9247999996,150.1934160169,156.768299952
49617,9.9390368917,5.8,87,,-20.7944000004,147.6282329157,149.0855533752
49632,10.7710802055,6.0666666667,91,,0.4448000005,161.5655908027,161.5662030825
49647,12.3250191345,5.8,87,,-4.2256000004,184.8269895185,184.8752870175
49662,14.7820975673,5.4666666667,82,,13.4552,221.3228399934,221.7314635088
49677,14.8013919859,5.4,81,,-15.3456,221.4899176551,222.0208797889
49692,14.2034758031,5,75,,-55.9336000002,205.5788060362,213.0521370469
49707,16.2590391179,5.0666666667,76,,-63.7175999995,235.4150523728,243.8855867685
49722,17.2460839409,4.7333333333,71,,-46.8152000003,254.4199374869,258.6912591139
49737,19.275691876,4.6,69,,-45.9256000002,285.4647196354,289.1353781396
49752,20.1117286013,4.9333333333,74,,-71.5015999996,293.0800016159,301.6759290194
49767,19.4514566438,4.5333333333,68,,-94.6311999997,275.9995439114,291.7718496577
49782,19.7458279949,4.5333333333,68,,-106.8632000004,276.2376589212,296.1874199229
49797,18.1327803007,4.6,69,,-97.4111999998,253.94988765,271.9917045111
49812,16.5226149985,4.6,69,,-99.0792000003,227.1730476187,247.8392249768
49827,15.5900744018,4.2,63,,-107.5303999995,207.6621235154,233.8511160268
49842,15.2050174607,3.8666666667,58,,-81.8432000004,212.8849823479,228.0752619106
49857,14.8638541647,4.2,63,,-53.1536000001,216.5291688175,222.9578124708
49872,14.7136888956,4.0666666667,61,,7.0056000005,220.5941199922,220.7053334346
49887,15.8493806217,3.8,57,,35.4727999997,235.0794021834,237.7407093258
49902,14.9802327803,4.0666666667,61,,35.9176000002,221.8143034033,224.7034917042
49917,15.2205157483,4,60,,32.1367999995,226.0346179368,228.3077362247
49932,17.1231000887,3.8,57,,17.1248000002,256.2749821395,256.8465013304
49947,16.8004920986,4.1333333333,62,,-8.4512,251.8656338975,252.0073814792
49962,17.143333606,4.3333333333,65,,-21.3503999998,256.2621412211,257.1500040898
49977,18.4411226055,4.5333333333,68,,-9.2296000004,276.4628187445,276.6168390831
49992,19.8974063117,5,75,,17.6808000004,297.9369301478,298.4610946749
50007,19.0615205936,5.6,84,,22.9071999998,285.0037067118,285.9228089035
50022,18.7668548694,6,90,,5.8936000001,281.4411214791,281.5028230416
50037,18.3124126057,6.2666666667,94,,-11.0087999999,274.4654965504,274.6861890851
50052,16.7863840918,6.0666666667,91,,-5.004,251.7460335968,251.7957613776
50067,17.7132294127,6.2,93,,11.6759999998,265.4417688971,265.6984411908
50082,18.1439296155,5.9333333333,89,,6.7832000003,272.0743999788,272.1589442331
50097,17.7945135637,5.9333333333,89,,9.1183999999,266.7619073252,266.9177034562
50112,17.9148744183,5.4,81,,37.5855999999,266.0816338895,268.7231162752
50127,17.0377931139,4.9333333333,74,,50.0400000001,250.6201051252,255.5668967081
50142,17.9373080248,4.7333333333,71,,56.2672000002,263.1103979683,269.0596203723
50157,18.6766854147,4.0666666667,61,,47.1487999995,276.1542516903,280.1502812207
50172,17.7545441117,3.8,57,,42.9232000007,262.8363790268,266.3181616755
50187,18.3597927153,3.5333333333,53,,67.9431999999,266.8841864878,275.3968907295
50202,19.0003989376,3.6666666667,55,,104.7503999994,265.0580401575,285.0059840638
50217,20.6184102347,3.5333333333,53,,127.2128000004,281.901831588,309.2761535208
50232,20.7811400849,3.6666666667,55,,136.776,280.1069028973,311.717101274
50247,21.4477108891,4.1333333333,62,,157.5703999996,280.4862511418,321.7156633358
50262,22.2412244636,4.2666666667,64,,155.1240000003,295.3603890044,333.6183669538
50277,22.7379447576,4.8,72,,146.3392000003,308.07956472,341.0691713638
50292,24.5284195446,5,75,,159.4607999996,331.5750450035,367.9262931697
50307,26.5795224607,5.6666666667,85,,171.6928000003,359.8299051389,398.6928369111
50322,25.8343837755,5.8666666667,88,,154.3455999998,355.4516808214,387.515756632
50337,24.4998655553,6,90,,125.8783999998,345.2671373947,367.4979833295
50352,24.1525888895,5.8666666667,88,,86.8472000004,351.7254079768,362.2888333421
50367,22.3859439137,6.1333333333,92,,83.8448000001,325.1529003676,335.789158706
50382,20.4720761683,5.9333333333,89,,76.0608,297.5123237744,307.0811425247
50397,20.0654000508,5.8666666667,88,,60.3816,294.8620443556,300.9810007627
50412,20.8261897049,5.6,84,,66.2752000002,305.2816532813,312.3928455731
50427,21.4644972699,5.3333333333,80,,69.7223999994,314.3275864839,321.967459049
50442,20.4507459381,4.7333333333,71,,52.4864000002,302.2376629998,306.7611890715
50457,21.6152814297,4.8,72,,38.1416000001,321.9779594763,324.2292214454
50472,22.7456527918,4.1333333333,62,,74.0592000003,333.049991899,341.1847918777
50487,23.5832470846,3.8666666667,58,,117.0935999999,333.8071839047,353.7487062695
50502,22.9845012954,3.7333333333,56,,117.0935999999,324.2741606933,344.7675194306
50517,22.5832446841,3.2666666667,49,,95.6319999995,324.9695096157,338.7486702612
50532,22.1859753485,3.2,48,,58.7136000003,327.5693074168,332.7896302269
50547,21.9587675514,3.4,51,,53.1536000001,325.0644183721,329.3815132708
50562,21.9872650377,3.8,57,,49.3728000002,326.0924515888,329.8089755648
50577,22.3183609356,4,60,,64.6071999996,328.4820962394,334.775414034
50592,23.7609090901,4.4,66,,81.9544000001,346.8633109713,356.4136363516
50607,23.8359789047,4.9333333333,74,,101.8591999996,342.7233997025,357.5396835712
50622,25.1489648716,5.2666666667,79,,148.7856000005,346.6535632419,377.2344730745
50637,26.1305961942,5.9333333333,89,,133.9959999999,368.3434333783,391.9589429123
50652,27.8327466474,6.2666666667,94,,165.6880000004,383.2054129213,417.4911997112
50667,29.0109999331,6.3333333333,95,,209.1671999997,381.5988191755,435.1649989967
50682,30.6917113172,6.2,93,,217.5072,405.7540822386,460.375669758
50697,30.7694919816,6.1333333333,92,,196.6015999998,417.5753574615,461.5423797243
50712,30.073177438,5.7333333333,86,,146.4504,426.6630762251,451.0976615701
50727,29.3379823558,5.3333333333,80,,100.0800000002,428.5386395173,440.0697353367
50742,27.9141380473,5,75,,109.3095999998,404.1920453274,418.7120707098
50757,27.1003509952,4.4,66,,121.8752000004,387.8053197659,406.5052649276
50772,25.9230192768,4.4666666667,67,,102.6376,375.0549052631,388.845289152
50787,25.9763195237,4.2666666667,64,,89.7383999994,379.1702574899,389.6447928555
50802,26.5748984829,3.9333333333,59,,115.7592000001,381.4452571799,398.6234772435
50817,26.9362061522,4.1333333333,62,,85.4016000001,394.9144048263,404.0430922833
50832,26.5164295323,4.2666666667,64,,94.8535999999,386.2706660805,397.746442985
50847,27.2116666588,4.2666666667,64,,151.4544,379.036139767,408.1749998822
50862,27.5634085816,4.4666666667,67,,190.3743999997,367.0142009072,413.4511287236
51362,12.1988283834,-33.162,-16581,,-453.1399999992,6082.55847667,6099.4141916835
